company,domain,name,role,email
Northwind Logistics,northwindlogistics.example,Marcus Hale,VP Operations,marcus.hale@northwindlogistics.example
Lumen Health,lumenhealth.example,Priya Anand,Head of Product,priya.anand@lumenhealth.example
Kestrel Analytics,kestrelanalytics.example,Tomás Ribeiro,Founder & CEO,tom.s.ribeiro@kestrelanalytics.example
Brightwater Coffee,brightwatercoffee.example,Hannah Okafor,Director of Ecommerce,hannah.okafor@brightwatercoffee.example
Arbor Legal,arborlegal.example,Daniel Whitcombe,Managing Partner,daniel.whitcombe@arborlegal.example
Pinecrest Manufacturing,pinecrestmfg.example,Robert Greaves,Plant Manager,robert.greaves@pinecrestmfg.example
Mosaic Education,mosaicedu.example,Aisha Bello,VP Schools,aisha.bello@mosaicedu.example
Tideline Insurance,tidelineinsurance.example,Olivia Park,Head of Operations,olivia.park@tidelineinsurance.example
Polaris Robotics,polarisrobotics.example,Henrik Voss,VP Engineering,henrik.voss@polarisrobotics.example
Vellum Studio,vellumstudio.example,Mei Lin,Creative Director,mei.lin@vellumstudio.example
Quill Bookkeeping,quillbookkeeping.example,Jonas Albrecht,Founder,jonas.albrecht@quillbookkeeping.example
Harborlight Hotels,harborlighthotels.example,Renée Doucet,Director of Revenue,ren.e.doucet@harborlighthotels.example
Cobalt Mining Co.,cobaltminingco.example,Eduardo Salazar,Head of IT,eduardo.salazar@cobaltminingco.example
Glimmer Beauty,glimmerbeauty.example,Sasha Romanov,Head of CX,sasha.romanov@glimmerbeauty.example
Steelbridge Capital,steelbridgecapital.example,Margaret Yu,Partner,margaret.yu@steelbridgecapital.example
